
-- MySQL dump 10.13  Distrib 5.7.23, for Linux (x86_64)
--
-- Host: localhost    Database: Company
-- ------------------------------------------------------
-- Server version	5.7.23-0ubuntu0.18.04.1

/*!40101 SET @OLD_CHARACTER_SET_CLIENT=@@CHARACTER_SET_CLIENT */;
/*!40101 SET @OLD_CHARACTER_SET_RESULTS=@@CHARACTER_SET_RESULTS */;
/*!40101 SET @OLD_COLLATION_CONNECTION=@@COLLATION_CONNECTION */;
/*!40101 SET NAMES utf8 */;
/*!40103 SET @OLD_TIME_ZONE=@@TIME_ZONE */;
/*!40103 SET TIME_ZONE='+00:00' */;
/*!40014 SET @OLD_UNIQUE_CHECKS=@@UNIQUE_CHECKS, UNIQUE_CHECKS=0 */;
/*!40014 SET @OLD_FOREIGN_KEY_CHECKS=@@FOREIGN_KEY_CHECKS, FOREIGN_KEY_CHECKS=0 */;
/*!40101 SET @OLD_SQL_MODE=@@SQL_MODE, SQL_MODE='NO_AUTO_VALUE_ON_ZERO' */;
/*!40111 SET @OLD_SQL_NOTES=@@SQL_NOTES, SQL_NOTES=0 */;

--
-- Table structure for table `DEPARTMENT`
--
DROP DATABASE IF EXISTS `GHC`;
CREATE SCHEMA `GHC`;
USE `GHC`;
DROP TABLE IF EXISTS `HEALTH_POLICIES`;
/*!40101 SET @saved_cs_client     = @@character_set_client */;
/*!40101 SET character_set_client = utf8 */;
CREATE TABLE `HEALTH_POLICIES` (
  `PROGRAM_NO` INT NOT NULL,
  `PROGRAM_NAME` varchar(40) NOT NULL,
  `LOCATION_ID` INT,
  `DISEASE_ID` INT,
  PRIMARY KEY (`PROGRAM_NO`),
  CONSTRAINT `HEALTH_POLICIES_ibfk_1` FOREIGN KEY (`DISEASE_ID`) REFERENCES `DISEASE` (`DISEASE_ID`),
  CONSTRAINT `HEALTH_POLICIES_ibfk_2` FOREIGN KEY (`LOCATION_ID`) REFERENCES `LOCATIONS` (`LOCATION_ID`),
  CONSTRAINT `HEALTH_POLICIES_ibfk_3` FOREIGN KEY (`PROGRAM_NAME`) REFERENCES `PROGRAM_TIME` (`PROGRAM_NAME`)
) ENGINE=InnoDB DEFAULT CHARSET=latin1;
/*!40101 SET character_set_client = @saved_cs_client */;

--
-- Dumping data for table `DEPARTMENT`
--

LOCK TABLES `HEALTH_POLICIES` WRITE;
/*!40000 ALTER TABLE `DEPARTMENT` DISABLE KEYS */;
INSERT INTO `HEALTH_POLICIES` VALUES (1,'COVID_RELIEF',101,1101),(2,'DENGUE_RELIEF',102,1102),(3,'MALARIA_RELIEF',103,1103),(4,'POLIO_RELIEF',104,1104),(5,'BREAST_CANC_RELIEF',105,1105),(6,'ANTI_EBOLA',106,1106),(7,'CHOLERA_RELIEF',107,1107),(8,'MARBURG_RELIEF',108,1108),(9,'HIV_PREVENTION',109,1109),(10,'AIDS_PREVENTION',110,1110);
/*!40000 ALTER TABLE `DEPARTMENT` ENABLE KEYS */;
UNLOCK TABLES;

--
-- Table structure for table `DEPENDENT`
--

DROP TABLE IF EXISTS `PROGRAM_TIME`;
/*!40101 SET @saved_cs_client     = @@character_set_client */;
/*!40101 SET character_set_client = utf8 */;
CREATE TABLE `PROGRAM_TIME` (
  `PROGRAM_NAME` VARCHAR(40) NOT NULL,
  `DURATION` INT NOT NULL,
  `PROGRAM_TYPE` VARCHAR(40) DEFAULT NULL,
  PRIMARY KEY (`PROGRAM_NAME`)
) ENGINE=InnoDB DEFAULT CHARSET=latin1;
/*!40101 SET character_set_client = @saved_cs_client */;

--
-- Dumping data for table `DEPENDENT`
--

LOCK TABLES `PROGRAM_TIME` WRITE;
/*!40000 ALTER TABLE `DEPENDENT` DISABLE KEYS */;
INSERT INTO `PROGRAM_TIME` VALUES ('COVID_RELIEF',24,'SERIOUS9'),('DENGUE_RELIEF',6,'SERIOUS4'),('MALARIA_RELIEF',6,'SERIOUS4'),('POLIO_RELIEF',60,'SERIOUS2'),('BREAST_CANC_RELIEF',60,'SERIOUS3'),('ANTI_EBOLA',48,'SERIOUS4'),('CHOLERA_RELIEF',12,'SERIOUS1'),('MARBORORO',24,'SERIOUS6'),('HIV_PREVENTION',120,'SERIOUS7'),('AIDS_PREVENTION',120,'SERIOUS5');
/*!40000 ALTER TABLE `DEPENDENT` ENABLE KEYS */;
UNLOCK TABLES;

--
-- Table structure for table `DEPT_LOCATIONS`
--

DROP TABLE IF EXISTS `MEMBERS`;
/*!40101 SET @saved_cs_client     = @@character_set_client */;
/*!40101 SET character_set_client = utf8 */;
CREATE TABLE `MEMBERS` (
  `COUNTRY_ID` INT NOT NULL,
  `COUNTRY_NAME` varchar(40) NOT NULL,
  `NAME` varchar(40) NOT NULL,
  `YEAR_OF_TERM` INT NOT NULL,
  `DESIGNATION` varchar(40) NOT NULL,
  `SSN_COUNTRY_ID` INT NOT NULL,
  PRIMARY KEY (`COUNTRY_ID`),
  CONSTRAINT `DEPT_LOCATIONS_ibfk_1` FOREIGN KEY (`SSN_COUNTRY_ID`) REFERENCES `MEMBERS` (`COUNTRY_ID`)
) ENGINE=InnoDB DEFAULT CHARSET=latin1;
/*!40101 SET character_set_client = @saved_cs_client */;

--
-- Dumping data for table `DEPT_LOCATIONS`''COVID'_RELIEF'
--

LOCK TABLES `MEMBERS` WRITE;
/*!40000 ALTER TABLE `DEPT_LOCATIONS` DISABLE KEYS */;
INSERT INTO `MEMBERS` VALUES (101,'INDIA','YASH',2,'SECRETARIAT',101),(102,'USA','RAYAAN',3,'EXECUTIVE_BOARD',101),(103,'NEW_ZEELAND','SANTHOSHINI',4,'HEALTH_ASSOCIATION',102),(104,'AUSTRALIA','AKHIL',2,'HEALTH_ASSOCIATION',105),(105,'RUSSIA','SHIVAYE',1,'EXECUTIVE_BOARD',101),(106,'BANGLADESH','HARSH',5,'HEALTH_ASSOCIATION',110),(107,'PAKISTAN','YATHARTH',3,'EXECUTIVE_BOARD',101),(108,'SRI_LANKA','AAKRIT',2,'HEALTH_ASSOCIATION',102),(109,'NEPAL','AKSHIT',4,'HEALTH_ASSOCIATION',105),(110,'ENGLAND','CHANDANA',2,'EXECUTIVE_BOARD',101);
/*!40000 ALTER TABLE `DEPT_LOCATIONS` ENABLE KEYS */;
UNLOCK TABLES;

--
-- Table structure for table `EMPLOYEE`
--

DROP TABLE IF EXISTS `IMPLEMENT`;
/*!40101 SET @saved_cs_client     = @@character_set_client */;
/*!40101 SET character_set_client = utf8 */;
CREATE TABLE `IMPLEMENT` (
  `PROGRAM_NO` INT NOT NULL,
  `COUNTRY_ID` INT NOT NULL,
  PRIMARY KEY (`PROGRAM_NO`,`COUNTRY_ID`)
) ENGINE=InnoDB DEFAULT CHARSET=latin1;
/*!40101 SET character_set_client = @saved_cs_client */;

--
-- Dumping data for table `EMPLOYEE`
--

LOCK TABLES `IMPLEMENT` WRITE;
/*!40000 ALTER TABLE `EMPLOYEE` DISABLE KEYS */;
INSERT INTO `IMPLEMENT` VALUES (1,101),(1,102),(1,105),(1,108),(1,109),(1,110),(2,101),(3,103),(4,105),(4,104),(4,108),(4,110),(5,101),(6,101),(6,104),(7,109),(8,103),(9,109),(9,110),(10,102),(10,104),(10,106);
/*!40000 ALTER TABLE `EMPLOYEE` ENABLE KEYS */;
UNLOCK TABLES;

--
-- Table structure for table `PROJECT`
--

DROP TABLE IF EXISTS `DISEASE`;
/*!40101 SET @saved_cs_client     = @@character_set_client */;
/*!40101 SET character_set_client = utf8 */;
CREATE TABLE `DISEASE` (
  `DISEASE_ID` INT NOT NULL,
  `DISEASE_NAME` VARCHAR(40) NOT NULL,
  `RNAUGHT` INT DEFAULT NULL,
  PRIMARY KEY (`DISEASE_ID`),
  CONSTRAINT `DISEASE_ibfk_1` FOREIGN KEY (`DISEASE_NAME`) REFERENCES `TYPE_NAME` (`DISEASE_NAME`)
) ENGINE=InnoDB DEFAULT CHARSET=latin1;
/*!40101 SET character_set_client = @saved_cs_client */;

--
-- Dumping data for table `PROJECT`
--

LOCK TABLES `DISEASE` WRITE;
/*!40000 ALTER TABLE `PROJECT` DISABLE KEYS */;
INSERT INTO `DISEASE` VALUES (1101,'COVID',20),(1102,'DENGUE',10),(1103,'MALARIA',14),(1104,'POLIO',69),(1105,'BREAST_CANCER',69),(1106,'EBOLA',2),(1107,'CHOLERA',4),(1108,'MARBURG',18),(1109,'HIV',1),(1110,'AIDS',1),(1111,'LUNG_CANCER',3),(1112,'SWINE_FLU',14),(1113,'EPILIPSUM',23),(1114,'CHICKEN_POX',11),(1115,'SMALL_POX',9);
/*!40000 ALTER TABLE `PROJECT` ENABLE KEYS */;
UNLOCK TABLES;

--
-- Table structure for table `WORKS_ON`
--

DROP TABLE IF EXISTS `TYPE_NAME`;
/*!40101 SET @saved_cs_client     = @@character_set_client */;
/*!40101 SET character_set_client = utf8 */;
CREATE TABLE `TYPE_NAME` (
  `DISEASE_NAME` VARCHAR(40) NOT NULL,
  `DISEASE_TYPE` VARCHAR(40) NOT NULL,
  PRIMARY KEY (`DISEASE_NAME`)
) ENGINE=InnoDB DEFAULT CHARSET=latin1;
/*!40101 SET character_set_client = @saved_cs_client */;

--
-- Dumping data for table `WORKS_ON`
--

LOCK TABLES `TYPE_NAME` WRITE;
/*!40000 ALTER TABLE `WORKS_ON` DISABLE KEYS */;
INSERT INTO `TYPE_NAME` VALUES ('COVID','VIRUS'),('DENGUE','MOSQUITO_BORNE'),('MALARIA','MOSQUITO_BORNE'),('POLIO','CONTAGIOUS_VIRAL_ILLNESS'),('BREAST_CANC','CANCERIC'),('EBOLA','VIRUS'),('CHOLERA','DIARHEAL_INFECTION'),('MARBURG','VIRUS'),('HIV','STI'),('AIDS','STI'),('LUNG_CANCER','CANCERIC'),('SWINE_FLU','VIRUS'),('EPILIPSUM','CHRONIC'),('CHICKEN_POX','VIRUS'),('SMALL_POX','VIRUS');
/*!40000 ALTER TABLE `WORKS_ON` ENABLE KEYS */;
UNLOCK TABLES;

--
-- Table structure for table `WORKS_ON`
--


DROP TABLE IF EXISTS `BRANCHES`;
/*!40101 SET @saved_cs_client     = @@character_set_client */;
/*!40101 SET character_set_client = utf8 */;
CREATE TABLE `BRANCHES` (
  `BRANCH_ID` INT NOT NULL,
  `NO_OF_LOCAL_ORGANIZATIONS` INT NOT NULL,
  `FIRST_NAME` VARCHAR(40) NOT NULL,
  `LAST_NAME` VARCHAR(40) NOT NULL,
  `LOCATION_ID` INT NOT NULL,
  PRIMARY KEY (`BRANCH_ID`),
  CONSTRAINT `BRANCHES_ibfk_1` FOREIGN KEY (`LOCATION_ID`) REFERENCES `LOCATION_OF_BRANCH` (`LOCATION_ID`)
) ENGINE=InnoDB DEFAULT CHARSET=latin1;
/*!40101 SET character_set_client = @saved_cs_client */;

--  CONSTRAINT `DISEASE_ibfk_1` FOREIGN KEY (`DISEASE_NAME`) REFERENCES `TYPE_NAME` (`DISEASE_NAME`)

-- Dumping data for table `WORKS_ON`
--

LOCK TABLES `BRANCHES` WRITE;
/*!40000 ALTER TABLE `WORKS_ON` DISABLE KEYS */;
INSERT INTO `BRANCHES` VALUES (901,08,'ASHISH','CHANCHLANI',601),(902,06,'SHAMBHAVI','JAHAGIRDAR',602),(903,02,'ANANYA','PENUKONDA',603),(904,13,'ARYA' ,'MARDA',604),(905,02,'VANSH','MARDA',605),(907,05,'YASH','KAWADE',606),(908,09,'PRATHAM','MISHRA',607),(909,14,'CHIRAG','JAIN',608),(910,09,'MAANAV','SHAH',609);
/*!40000 ALTER TABLE `WORKS_ON` ENABLE KEYS */;
UNLOCK TABLES;
--
-- Table structure for table `WORKS_ON`
--
DROP TABLE IF EXISTS `BIOMEDICAL_RESEARCHES`;
/*!40101 SET @saved_cs_client     = @@character_set_client */;
/*!40101 SET character_set_client = utf8 */;
CREATE TABLE `BIOMEDICAL_RESEARCHES` (
  `SERIAL_NO` INT NOT NULL,
  `RESEARCH_TYPE` VARCHAR(40) NOT NULL,
  `FIRST_NAME` VARCHAR(40) NOT NULL,
  `LAST_NAME` VARCHAR(40) NOT NULL,
  `STATUS_OF_COMPLETION` INT NOT NULL,
  `COUNTRY_ID` INT NOT NULL,
  `BRANCH_ID` INT NOT NULL,
  PRIMARY KEY (`SERIAL_NO`),
  CONSTRAINT `BIOMEDICAL_RESEARCHES_ibfk_1` FOREIGN KEY (`COUNTRY_ID`) REFERENCES `MEMBERS` (`COUNTRY_ID`),
  CONSTRAINT `BIOMEDICAL_RESEARCHES_ibfk_2` FOREIGN KEY (`BRANCH_ID`) REFERENCES `BRANCHES` (`BRANCH_ID`)
) ENGINE=InnoDB DEFAULT CHARSET=latin1;
/*!40101 SET character_set_client = @saved_cs_client */;

--  CONSTRAINT `DISEASE_ibfk_1` FOREIGN KEY (`DISEASE_NAME`) REFERENCES `TYPE_NAME` (`DISEASE_NAME`)

-- Dumping data for table `WORKS_ON`
--

LOCK TABLES `BIOMEDICAL_RESEARCHES` WRITE;
/*!40000 ALTER TABLE `WORKS_ON` DISABLE KEYS */;
INSERT INTO `BIOMEDICAL_RESEARCHES` VALUES (201,'STI_BASED','BHUVAN','BAM',71,101,901),(202,'VIRAL_BASED','SAMEER','FUDDI',39,102,902),(203,'CANCERIC','BANCHHODDAS','CHHATRIWALA',27,103,903),(204,'AIR_BORNE','JAANKI','BAM',83,104,904),(205,'WATER_BORNE','TITU','MAMA',92,105,905),(206,'CHRONIC_BASED','BABLOO','BAM',8,106,907),(207,'CONTAGIOUS','LAKHAN' ,'CHHATRIWALA',26,110,908);
/*!40000 ALTER TABLE `WORKS_ON` ENABLE KEYS */;
UNLOCK TABLES;
--
-- Table structure for table `WORKS_ON`
--


DROP TABLE IF EXISTS `LOCATION_OF_BRANCH`;
/*!40101 SET @saved_cs_client     = @@character_set_client */;
/*!40101 SET character_set_client = utf8 */;
CREATE TABLE `LOCATION_OF_BRANCH` (
  `LOCATION_ID` INT NOT NULL,
  `ADDRESS` VARCHAR(40) NOT NULL,
  PRIMARY KEY (`LOCATION_ID`,`ADDRESS`)
) ENGINE=InnoDB DEFAULT CHARSET=latin1;
/*!40101 SET character_set_client = @saved_cs_client */;

--  CONSTRAINT `DISEASE_ibfk_1` FOREIGN KEY (`DISEASE_NAME`) REFERENCES `TYPE_NAME` (`DISEASE_NAME`)

-- Dumping data for table `WORKS_ON`
--

LOCK TABLES `LOCATION_OF_BRANCH` WRITE;
/*!40000 ALTER TABLE `WORKS_ON` DISABLE KEYS */;
INSERT INTO `LOCATION_OF_BRANCH` VALUES (601,'DELHI'),(602,'KOLKATA'),(603,'NEWYORK'),(604,'LONDON'),(605,'MELBOURNE'),(606,'LAS_VEGAS'),(607,'MOSCOW'),(608,'COLUMBIA'),(609,'DHAKA');
/*!40000 ALTER TABLE `WORKS_ON` ENABLE KEYS */;
UNLOCK TABLES;
--
-- Table structure for table `WORKS_ON`
--

DROP TABLE IF EXISTS `MEDICAL_INFRASTRUCTURE`;
/*!40101 SET @saved_cs_client     = @@character_set_client */;
/*!40101 SET character_set_client = utf8 */;
CREATE TABLE `MEDICAL_INFRASTRUCTURE` (
  `COUNTRY_ID` INT NOT NULL,
  `NO_OF_HOSPITALS` INT NOT NULL,
  `NO_OF_DOCTORS` INT NOT NULL,
  `NUMBER_ID` INT NOT NULL,
  `SERIAL_NO` INT NOT NULL,
  PRIMARY KEY (`COUNTRY_ID`),
  CONSTRAINT `MEDICAL_INFRASTRUCTURE_ibfk_1` FOREIGN KEY (`NUMBER_ID`) REFERENCES `NO_OF_EQUIPMENT` (`NUMBER_ID`),
  CONSTRAINT `MEDICAL_INFRASTRUCTURE_ibfk_2` FOREIGN KEY (`SERIAL_NO`) REFERENCES `BIOMEDICAL_RESEARCHES` (`SERIAL_NO`)

) ENGINE=InnoDB DEFAULT CHARSET=latin1;
/*!40101 SET character_set_client = @saved_cs_client */;

--  CONSTRAINT `DISEASE_ibfk_1` FOREIGN KEY (`DISEASE_NAME`) REFERENCES `TYPE_NAME` (`DISEASE_NAME`)

-- Dumping data for table `WORKS_ON`
--

LOCK TABLES `MEDICAL_INFRASTRUCTURE` WRITE;
/*!40000 ALTER TABLE `WORKS_ON` DISABLE KEYS */;
INSERT INTO `MEDICAL_INFRASTRUCTURE` VALUES (101,500,1000,801,201),(102,250,500,802,201),(103,300,600,803,204),(104,1750,3500,804,204),(105,2000,4000,805,205),(106,2250,4500,806,206),(107,2500,5000,807,202),(108,2750,5500,808,203),(109,3000,6000,809,205),(110,750,1500,810,207);
/*!40000 ALTER TABLE `WORKS_ON` ENABLE KEYS */;
UNLOCK TABLES;
--
-- Table structure for table `WORKS_ON`
--

DROP TABLE IF EXISTS `NO_OF_EQUIPMENT`;
/*!40101 SET @saved_cs_client     = @@character_set_client */;
/*!40101 SET character_set_client = utf8 */;
CREATE TABLE `NO_OF_EQUIPMENT` (
  `NUMBER_ID` INT NOT NULL AUTO_INCREMENT,
  `NO_OF_EQUIPMENTS` INT NOT NULL,
  `EQUIPMENT_TYPE` VARCHAR(40) NOT NULL,
  PRIMARY KEY (`NUMBER_ID`,`EQUIPMENT_TYPE`)
) ENGINE=InnoDB DEFAULT CHARSET=latin1;
/*!40101 SET character_set_client = @saved_cs_client */;

--  CONSTRAINT `DISEASE_ibfk_1` FOREIGN KEY (`DISEASE_NAME`) REFERENCES `TYPE_NAME` (`DISEASE_NAME`)

-- Dumping data for table `WORKS_ON`
--

LOCK TABLES `NO_OF_EQUIPMENT` WRITE;
/*!40000 ALTER TABLE `WORKS_ON` DISABLE KEYS */;
INSERT INTO `NO_OF_EQUIPMENT` VALUES (801,213,'HAND_BASED'),(801,3435,'LEG_BASED'),(801,342,'X_RAY'),(802,56,'CT_SCANNER'),(802,32,'HAND_BASED'),(802,676,'LEG_BASED'),(803,323,'X_RAY'),(803,432,'CT_SCANNER'),(803,644,'HAND_BASED'),(803,5532,'LEG_BASED'),(804,7546,'X_RAY'),(804,75,'CT_SCANNER'),(804,343,'HAND_BASED'),(805,8878,'LEG_BASED'),(805,89,'X_RAY'),(806,5654,'CT_SCANNER'),(806,3423,'HAND_BASED'),(806,543,'LEG_BASED'),(806,454,'X_RAY'),(807,87,'CT_SCANNER'),(807,98,'HAND_BASED'),(808,9676,'LEG_BASED'),(808,2346,'X_RAY'),(808,6757,'CT_SCANNER'),(809,467,'HAND_BASED'),(810,433,'LEG_BASED'),(810,7765,'X_RAY'),(810,6969,'CT_SCANNER');
/*!40000 ALTER TABLE `WORKS_ON` ENABLE KEYS */;
UNLOCK TABLES;
--
-- Table structure for table `WORKS_ON`
--
DROP TABLE IF EXISTS `LOCATION_ID`;
DROP TABLE IF EXISTS `COUNTRY_LOCATION`;
/*!40101 SET @saved_cs_client     = @@character_set_client */;
/*!40101 SET character_set_client = utf8 */;
CREATE TABLE `COUNTRY_LOCATION` (
  `LOCATION_ID` INT NOT NULL,
  `COUNTRY_ID` INT NOT NULL,
  PRIMARY KEY (`LOCATION_ID`)
) ENGINE=InnoDB DEFAULT CHARSET=latin1;
/*!40101 SET character_set_client = @saved_cs_client */;

--  CONSTRAINT `DISEASE_ibfk_1` FOREIGN KEY (`DISEASE_NAME`) REFERENCES `TYPE_NAME` (`DISEASE_NAME`)

-- Dumping data for table `WORKS_ON`
--

LOCK TABLES `COUNTRY_LOCATION` WRITE;
/*!40000 ALTER TABLE `WORKS_ON` DISABLE KEYS */;
INSERT INTO `COUNTRY_LOCATION` VALUES (601,101),(602,101),(603,102),(604,110),(605,104),(606,102),(607,105),(608,108),(609,106);
/*!40000 ALTER TABLE `WORKS_ON` ENABLE KEYS */;
UNLOCK TABLES;
--
-- Table structure for table `WORKS_ON`
--

DROP TABLE IF EXISTS `LOCATIONS`;
/*!40101 SET @saved_cs_client     = @@character_set_client */;
/*!40101 SET character_set_client = utf8 */;
CREATE TABLE `LOCATIONS` (
  `LOCATION_ID` INT NOT NULL,
  `NAME` VARCHAR(40) NOT NULL,
  PRIMARY KEY (`LOCATION_ID`)
) ENGINE=InnoDB DEFAULT CHARSET=latin1;
/*!40101 SET character_set_client = @saved_cs_client */;
--
-- Dumping data for table `WORKS_ON`
--

LOCK TABLES `LOCATIONS` WRITE;
INSERT INTO `LOCATIONS` VALUES (101,'INDIA'),(102,'USA'),(103,'NEW_ZEELAND'),(104,'AUSTRALIA'),(105,'RUSSIA'),(106,'BANGLADESH'),(107,'PAKISTAN'),(108,'SRI_LANKA'),(109,'NEPAL'),(110,'ENGLAND');
UNLOCK TABLES;
--
-- Table structure for table `WORKS_ON`
--

DROP TABLE IF EXISTS `HEALTH_STATISTICS`;
/*!40101 SET @saved_cs_client     = @@character_set_client */;
/*!40101 SET character_set_client = utf8 */;
CREATE TABLE `HEALTH_STATISTICS` (
  `DISEASE_TYPE` VARCHAR(40) NOT NULL,
  `NO_OF_PEOPLE_AFFECTED` INT NOT NULL,
  `NO_OF_PEOPLE_RECOVERED` INT NOT NULL,
  `VACCINATION_STATUS` INT NOT NULL,
  `MORTALITY_RATE` INT NOT NULL,
  `DISEASE_ID` INT NOT NULL,
  `COUNTRY_SERIAL_NO` INT NOT NULL,

  PRIMARY KEY (`DISEASE_TYPE`),
  CONSTRAINT `HEALTH_STATISTICS_ibfk_1` FOREIGN KEY (`DISEASE_ID`) REFERENCES `DISEASE` (`DISEASE_ID`),
  CONSTRAINT `HEALTH_STATISTICS_ibfk_2` FOREIGN KEY (`COUNTRY_SERIAL_NO`) REFERENCES `IDS_OF_COUNTRIES_AFFECTED` (`COUNTRY_SERIAL_NO`)

) ENGINE=InnoDB DEFAULT CHARSET=latin1;
/*!40101 SET character_set_client = @saved_cs_client */;

--  CONSTRAINT `DISEASE_ibfk_1` FOREIGN KEY (`DISEASE_NAME`) REFERENCES `TYPE_NAME` (`DISEASE_NAME`)

-- Dumping data for table `WORKS_ON`
--

LOCK TABLES `HEALTH_STATISTICS` WRITE;
/*!40000 ALTER TABLE `WORKS_ON` DISABLE KEYS */;
INSERT INTO `HEALTH_STATISTICS` VALUES ('VIRUS',100500,80000,90,20.39,1101,501),('CHRONIC',120500,90500,40,24.89,1113,502),('MOSQUITO_BORNE',150000,125000,60,16.67,1103,503),('CONTAGIOUS_VIRAL_ILLNESS',170000,148000,70,12.9,1104,504),('CANCERIC',80000,70000,20,12.5,1105,505),('STI',78000,69000,10,11.53,1110,506),('DIARHEAL_INFECTION',32000,24000,65,25,1107,507);
/*!40000 ALTER TABLE `WORKS_ON` ENABLE KEYS */;
UNLOCK TABLES;
--
-- Table structure for table `WORKS_ON`
--
--
-- Table structure for table `WORKS_ON`
--

DROP TABLE IF EXISTS `IDS_OF_COUNTRIES_AFFECTED`;
/*!40101 SET @saved_cs_client     = @@character_set_client */;
/*!40101 SET character_set_client = utf8 */;
CREATE TABLE `IDS_OF_COUNTRIES_AFFECTED` (
  `COUNTRY_SERIAL_NO` INT NOT NULL,
  `COUNTRY_ID` INT NOT NULL,
  PRIMARY KEY (`COUNTRY_SERIAL_NO`,`COUNTRY_ID`),
  CONSTRAINT `IDS_OF_COUNTRIES_AFFECTED_ibfk_1` FOREIGN KEY (`COUNTRY_ID`) REFERENCES `MEMBERS` (`COUNTRY_ID`)
) ENGINE=InnoDB DEFAULT CHARSET=latin1;
/*!40101 SET character_set_client = @saved_cs_client */;

--  CONSTRAINT `DISEASE_ibfk_1` FOREIGN KEY (`DISEASE_NAME`) REFERENCES `TYPE_NAME` (`DISEASE_NAME`)

-- Dumping data for table `WORKS_ON`
--

LOCK TABLES `IDS_OF_COUNTRIES_AFFECTED` WRITE;
/*!40000 ALTER TABLE `WORKS_ON` DISABLE KEYS */;
INSERT INTO `IDS_OF_COUNTRIES_AFFECTED` VALUES (501,103),(501,101),(502,103),(502,105),(502,107),(503,103),(504,103),(504,110),(504,109),(504,107),(505,103),(506,103),(507,103),(507,102),(507,101);
/*!40000 ALTER TABLE `WORKS_ON` ENABLE KEYS */;
UNLOCK TABLES;--
-- Table structure for table `WORKS_ON`
--

DROP TABLE IF EXISTS `AFFECTS`;
/*!40101 SET @saved_cs_client     = @@character_set_client */;
/*!40101 SET character_set_client = utf8 */;
CREATE TABLE `AFFECTS` (
  `PROGRAM_NO` INT NOT NULL,
  `SERIAL_NO` INT NOT NULL,
  `DISEASE_TYPE` VARCHAR(40) NOT NULL,
  `DISEASE_ID` INT NOT NULL,
  `COUNTRY_ID` INT NOT NULL,
  PRIMARY KEY (`PROGRAM_NO`,`SERIAL_NO`,`DISEASE_TYPE`,`DISEASE_ID`, `COUNTRY_ID`),
  CONSTRAINT `AFFECTS_ibfk_1` FOREIGN KEY (`PROGRAM_NO`) REFERENCES `HEALTH_POLICIES` (`PROGRAM_NO`),
  CONSTRAINT `AFFECTS_ibfk_2` FOREIGN KEY (`SERIAL_NO`) REFERENCES `BIOMEDICAL_RESEARCHES` (`SERIAL_NO`),
  CONSTRAINT `AFFECTS_ibfk_3` FOREIGN KEY (`DISEASE_TYPE`) REFERENCES `HEALTH_STATISTICS` (`DISEASE_TYPE`),
  CONSTRAINT `AFFECTS_ibfk_4` FOREIGN KEY (`DISEASE_ID`) REFERENCES `HEALTH_STATISTICS` (`DISEASE_ID`),
  CONSTRAINT `AFFECTS_ibfk_5` FOREIGN KEY (`COUNTRY_ID`) REFERENCES `MEDICAL_INFRASTRUCTURE` (`COUNTRY_ID`)
) ENGINE=InnoDB DEFAULT CHARSET=latin1;
/*!40101 SET character_set_client = @saved_cs_client */;

--  CONSTRAINT `DISEASE_ibfk_1` FOREIGN KEY (`DISEASE_NAME`) REFERENCES `TYPE_NAME` (`DISEASE_NAME`)

-- Dumping data for table `WORKS_ON`
--

LOCK TABLES `AFFECTS` WRITE;
/*!40000 ALTER TABLE `WORKS_ON` DISABLE KEYS */;
INSERT INTO `AFFECTS` VALUES (1,201,'VIRUS',1101,101),(1,202,'CHRONIC',1113,101),(2,202,'MOSQUITO_BORNE',1103,103),(2,206,'CONTAGIOUS_VIRAL_ILLNESS',1104,106),(2,206,'CANCERIC',1105,107),(7,207,'STI',1109,108),(7,207,'DIARHEAL_INFECTION',1107,105),(7,207,'STI',1110,102);
/*!40000 ALTER TABLE `WORKS_ON` ENABLE KEYS */;
UNLOCK TABLES;


/*!40103 SET TIME_ZONE=@OLD_TIME_ZONE */;

/*!40101 SET SQL_MODE=@OLD_SQL_MODE */;
/*!40014 SET FOREIGN_KEY_CHECKS=@OLD_FOREIGN_KEY_CHECKS */;
/*!40014 SET UNIQUE_CHECKS=@OLD_UNIQUE_CHECKS */;
/*!40101 SET CHARACTER_SET_CLIENT=@OLD_CHARACTER_SET_CLIENT */;
/*!40101 SET CHARACTER_SET_RESULTS=@OLD_CHARACTER_SET_RESULTS */;
/*!40101 SET COLLATION_CONNECTION=@OLD_COLLATION_CONNECTION */;
/*!40111 SET SQL_NOTES=@OLD_SQL_NOTES */;

-- Dump completed on 2018-08-12 23:29:32